Ava;Dąbrowski;23177507751;Plac Zbawiciela;41;Toruń;Meksyk
Alex;Nowak;10372293802;Plac Rynkowy;13;Szczecin;Norwegia
Liam;Zieliński;71469341480;Aleja Przyjaźni;38;Katowice;Chiny
Alex;Nowakowski;44338481918;Skwer Nadbrzeżny;20;Gdańsk;Rosja
Olivia;Grabowski;27128524862;ul. Jagiełły;15;Gdańsk;Stany Zjednoczone
Liam;Kozłowski;78748540701;Aleja Niepodległości;27;Łódź;Argentyna
William;Kowalczyk;61660376001;ul. Sobieskiego;28;Częstochowa;Argentyna
Benjamin;Kowalczyk;60341684608;Skwer Słoneczny;0;Sosnowiec;Polska
Mia;Piotrowski;88346594968;ul. Piłsudskiego;17;Gdynia;Hiszpania
James;Dąbrowski;18544639651;ul. Traugutta;34;Częstochowa;Hiszpania
Michael;Krawczyk;38044769922;Plac Rynkowy;15;Szczecin;Niemcy
Jessica;Kowalczyk;82298562960;Skwer Nadbrzeżny;27;Toruń;Rosja
Harper;Szymański;97482845488;ul. Grunwaldzka;24;Katowice;Brazylia
Isabella;Woźniak;62353840015;ul. Kościuszki;48;Olsztyn;Południowa Afryka
James;Kamiński;41463781644;Skwer Kwiatowy;22;Gdańsk;Turcja
William;Kozłowski;75193291980;Aleja Solidarności;15;Katowice;Turcja
Mia;Szymański;65742132265;Skwer Słoneczny;3;Olsztyn;Włochy
James;Krawczyk;78129862421;Skwer Słoneczny;7;Katowice;Stany Zjednoczone
Benjamin;Grabowski;92664998326;ul. Traugutta;15;Sosnowiec;Stany Zjednoczone
Olivia;Kozłowski;08295206675;ul. Mickiewicza;29;Lublin;Francja
Benjamin;Kwiatkowski;30265393882;Skwer Nadbrzeżny;33;Łódź;Japonia
Charlotte;Kwiatkowski;84167684562;ul. Lecha;24;Radom;Hiszpania
Benjamin;Krawczyk;62256948681;ul. Traugutta;21;Kielce;Hiszpania
Ava;Piotrowski;85548923338;ul. Piłsudskiego;10;Bydgoszcz;Indie
Ethan;Kozłowski;52636328949;Skwer Nadbrzeżny;45;Katowice;Indie
Jessica;Wieczorek;30729612188;ul. Słowackiego;20;Opole;Chiny
Michael;Mazur;25899612013;ul. Mickiewicza;0;Białystok;Argentyna
Noah;Wiśniewski;43005557661;ul. Narutowicza;35;Olsztyn;Polska
Ethan;Kowalczyk;74899575454;ul. Sobieskiego;39;Szczecin;Meksyk
Ethan;Dąbrowski;05188521419;Plac Rynkowy;24;Gdynia;Polska
Mia;Wieczorek;16031416260;Aleja Kwiatowa;19;Gdańsk;Hiszpania
Sophia;Wiśniewski;00539335363;Skwer Nadbrzeżny;5;Szczecin;Kanada
Harper;Kwiatkowski;02902807186;Skwer Nadbrzeżny;16;Gdynia;Polska
Harper;Kowalczyk;18578607140;Plac Wolności;13;Szczecin;Włochy
Isabella;Dąbrowski;71793576827;Skwer Kwiatowy;45;Rzeszów;Stany Zjednoczone
Oliver;Jankowski;28451734398;Plac Wolności;12;Olsztyn;Niemcy
Jessica;Jankowski;85382244071;ul. Lecha;26;Poznań;Francja
Charlotte;Lewandowski;66735520837;ul. Słowackiego;15;Radom;Stany Zjednoczone
William;Wójcik;05051245796;Plac Zbawiciela;18;Białystok;Włochy
James;Nowakowski;47208932245;ul. Sobieskiego;21;Lublin;Australia
James;Kowalski;71331975249;ul. Narutowicza;8;Katowice;Włochy
Emily;Kozłowski;93062462285;Aleja Kwiatowa;6;Olsztyn;Argentyna
Harper;Wiśniewski;02199892741;ul. Lecha;45;Białystok;Południowa Afryka
William;Wieczorek;81209084480;ul. Narutowicza;49;Opole;Meksyk
Mia;Kowalczyk;58542492266;Skwer Nadbrzeżny;9;Gdynia;Niemcy
Michael;Kamiński;73025357832;ul. Traugutta;0;Bydgoszcz;Wielka Brytania
Mia;Wójcik;54032225986;Plac Rynkowy;15;Częstochowa;Hiszpania
Harper;Grabowski;68672655198;ul. Słowackiego;17;Gdynia;Argentyna
Ethan;Nowakowski;12021676887;ul. Grunwaldzka;9;Wrocław;Norwegia
Ethan;Wójcik;94681609534;Plac Rynkowy;47;Sosnowiec;Hiszpania
Jessica;Kozłowski;86058354256;ul. Piłsudskiego;39;Toruń;Indie
Benjamin;Kowalski;92469326136;ul. Narutowicza;27;Gdynia;Włochy
Isabella;Piotrowski;86457177906;ul. Jagiełły;21;Opole;Turcja
Charlotte;Jankowski;12404930921;Skwer Nadbrzeżny;3;Kraków;Turcja
Ethan;Wójcik;63813616207;Aleja Solidarności;1;Gdynia;Wielka Brytania
Sophia;Kowalczyk;84987096649;ul. Mickiewicza;44;Olsztyn;Francja
Jessica;Piotrowski;73689153257;ul. Jagiełły;28;Lublin;Południowa Afryka
Alex;Grabowski;95086660755;ul. Kościuszki;28;Rzeszów;Hiszpania
Noah;Nowak;07236026857;ul. Słowackiego;1;Częstochowa;Norwegia
Sophia;Wiśniewski;36604137406;ul. Grunwaldzka;10;Rzeszów;Hiszpania
Liam;Nowak;71213315208;ul. Piłsudskiego;16;Katowice;Indie
Noah;Nowak;37494975597;Aleja Przyjaźni;49;Rzeszów;Niemcy
Sophia;Szymański;68697816140;Aleja Solidarności;13;Radom;Meksyk
Harper;Grabowski;59010742497;Aleja Niepodległości;11;Toruń;Wielka Brytania
Lucas;Kowalski;84206304580;ul. Kościuszki;25;Sosnowiec;Meksyk
Charlotte;Kozłowski;91796450681;Plac Wolności;35;Białystok;Polska
Harper;Grabowski;58586965313;Aleja Przyjaźni;22;Sosnowiec;Japonia
Harper;Piotrowski;57230834805;ul. Traugutta;39;Gdańsk;Turcja
James;Kowalski;94124767219;Plac Zbawiciela;33;Poznań;Stany Zjednoczone
Benjamin;Szymański;66728726994;ul. Kościuszki;31;Sosnowiec;Argentyna
Mia;Kowalski;90862399486;Skwer Nadbrzeżny;39;Poznań;Chiny
Mia;Kowalczyk;67891147373;Aleja Przyjaźni;37;Częstochowa;Meksyk
Ava;Wieczorek;37650542847;Skwer Nadbrzeżny;36;Opole;Australia
Sophia;Woźniak;75139031580;ul. Lecha;26;Kraków;Australia
Emma;Piotrowski;10854520175;ul. Traugutta;26;Poznań;Hiszpania
Liam;Lewandowski;87339146034;ul. Piłsudskiego;4;Szczecin;Indie
Emma;Jankowski;96548823193;Skwer Kwiatowy;44;Warszawa;Francja
Olivia;Nowakowski;85172293185;Aleja Solidarności;27;Łódź;Brazylia
Alex;Wiśniewski;38380840360;Plac Zbawiciela;24;Toruń;Niemcy
Harper;Jankowski;70849171981;Aleja Solidarności;35;Lublin;Polska
Noah;Wieczorek;56107545739;ul. Jagiełły;27;Warszawa;Południowa Afryka
Noah;Woźniak;15033046452;Plac Zbawiciela;46;Gdańsk;Szwecja
Charlotte;Piotrowski;08476222950;ul. Grunwaldzka;22;Olsztyn;Meksyk
Mia;Zieliński;99426025539;Plac Wolności;46;Katowice;Chiny
Mia;Kwiatkowski;63909688198;Plac Wolności;26;Radom;Australia
Alex;Kamiński;54150322131;Aleja Niepodległości;36;Kielce;Norwegia
Benjamin;Wójcik;38061090657;Skwer Słoneczny;43;Katowice;Polska
Emma;Lewandowski;88238534370;Skwer Kwiatowy;46;Warszawa;Norwegia
Liam;Dąbrowski;73425585377;ul. Sobieskiego;24;Sosnowiec;Niemcy
Jessica;Wiśniewski;61352724699;ul. Sobieskiego;5;Gdańsk;Niemcy
Olivia;Kwiatkowski;66540037797;Skwer Słoneczny;27;Gdynia;Francja
Alex;Dąbrowski;37452909901;Skwer Nadbrzeżny;39;Szczecin;Stany Zjednoczone
William;Kozłowski;79993429194;Skwer Słoneczny;48;Lublin;Norwegia
Mia;Kozłowski;28171284177;ul. Traugutta;44;Sosnowiec;Polska
Charlotte;Woźniak;79139008949;Aleja Niepodległości;22;Lublin;Indie
Noah;Kwiatkowski;58227058490;ul. Narutowicza;43;Lublin;Indie
Ava;Kowalski;18507956919;Plac Wolności;6;Warszawa;Hiszpania
Oliver;Kowalczyk;38773321201;ul. Narutowicza;38;Białystok;Francja
Charlotte;Nowak;31620974997;ul. Narutowicza;1;Toruń;Meksyk
Emily;Nowakowski;62261011597;ul. Sobieskiego;41;Częstochowa;Włochy
William;Dąbrowski;23385590304;Plac Zbawiciela;39;Poznań;Australia
Michael;Nowakowski;75619544351;ul. Grunwaldzka;23;Katowice;Meksyk
Oliver;Lewandowski;51420901340;Aleja Solidarności;49;Lublin;Polska
James;Kwiatkowski;24012890422;Aleja Solidarności;19;Katowice;Turcja
Harper;Kamiński;37570920322;ul. Narutowicza;45;Gdynia;Szwecja
Emily;Nowakowski;76828888529;Plac Zbawiciela;47;Warszawa;Turcja
Emma;Wiśniewski;43965805407;Skwer Nadbrzeżny;25;Warszawa;Francja
Alex;Kamiński;59778356172;ul. Traugutta;20;Łódź;Norwegia
Jessica;Kozłowski;15848109231;ul. Mickiewicza;17;Wrocław;Australia
Sophia;Jankowski;19805583290;Skwer Nadbrzeżny;40;Białystok;Rosja
Mia;Grabowski;23394470077;Plac Zbawiciela;3;Bydgoszcz;Turcja
Jessica;Wiśniewski;15623981219;Plac Wolności;17;Łódź;Brazylia
Olivia;Kwiatkowski;83450414366;Plac Zbawiciela;17;Katowice;Francja
Ava;Nowak;31021513984;ul. Grunwaldzka;25;Szczecin;Australia
Emily;Nowak;90315706124;Aleja Kwiatowa;41;Wrocław;Stany Zjednoczone
Ethan;Kowalski;57959516642;ul. Traugutta;37;Toruń;Francja
Charlotte;Zieliński;49776108887;Aleja Niepodległości;9;Katowice;Meksyk
Emily;Jankowski;68735107360;Plac Rynkowy;20;Warszawa;Turcja
Emma;Szymański;17937140833;Skwer Kwiatowy;1;Gdynia;Turcja
Ethan;Grabowski;63779132788;ul. Lecha;37;Olsztyn;Niemcy
Sophia;Krawczyk;89087665043;Skwer Słoneczny;39;Wrocław;Niemcy
Olivia;Grabowski;96543381215;ul. Lecha;28;Kraków;Brazylia
Isabella;Nowakowski;54886659953;Plac Wolności;15;Łódź;Japonia
Ava;Szymański;07658407497;Aleja Niepodległości;13;Olsztyn;Norwegia
Mia;Woźniak;45153577105;Skwer Słoneczny;49;Szczecin;Chiny
Jessica;Nowak;51736563878;ul. Kościuszki;34;Częstochowa;Japonia
Oliver;Mazur;92605115608;ul. Jagiełły;33;Kraków;Meksyk
Liam;Kwiatkowski;75565619745;Aleja Przyjaźni;45;Kraków;Chiny
Ethan;Wiśniewski;33197835730;ul. Narutowicza;40;Gdańsk;Południowa Afryka
Isabella;Jankowski;53259237282;ul. Lecha;42;Szczecin;Indie
Emma;Lewandowski;40849035561;ul. Grunwaldzka;32;Olsztyn;Francja
Charlotte;Wójcik;28330220864;Aleja Solidarności;48;Sosnowiec;Brazylia
Jessica;Wieczorek;57697119131;ul. Traugutta;32;Rzeszów;Stany Zjednoczone
Ethan;Nowak;37354471709;ul. Piłsudskiego;13;Sosnowiec;Norwegia
Alex;Dąbrowski;93522064186;Plac Wolności;26;Szczecin;Hiszpania
Alex;Nowak;63365087663;ul. Piłsudskiego;4;Szczecin;Polska
Jessica;Jankowski;91572866633;ul. Piłsudskiego;0;Bydgoszcz;Chiny
Charlotte;Lewandowski;43855002818;ul. Mickiewicza;44;Poznań;Szwecja
Sophia;Piotrowski;74639458519;Aleja Przyjaźni;34;Warszawa;Rosja
Oliver;Lewandowski;03316095650;Skwer Słoneczny;27;Rzeszów;Polska
Jessica;Dąbrowski;96570385052;ul. Mickiewicza;11;Olsztyn;Chiny
Sophia;Zieliński;09082444586;Plac Rynkowy;34;Kraków;Argentyna
Ethan;Grabowski;10806098207;ul. Grunwaldzka;24;Lublin;Norwegia
Charlotte;Wiśniewski;70049888719;Aleja Niepodległości;44;Łódź;Stany Zjednoczone
Emma;Kozłowski;93606425507;Skwer Nadbrzeżny;39;Radom;Kanada
Liam;Wójcik;42022359289;ul. Lecha;11;Opole;Francja
Emily;Lewandowski;82626894197;Aleja Solidarności;8;Sosnowiec;Polska
Emily;Dąbrowski;17948373584;ul. Traugutta;5;Białystok;Południowa Afryka
Lucas;Nowak;03786870529;ul. Słowackiego;23;Opole;Argentyna
William;Dąbrowski;63287877548;ul. Sobieskiego;27;Kielce;Stany Zjednoczone
Mia;Grabowski;54700547790;Aleja Przyjaźni;32;Szczecin;Japonia
Benjamin;Szymański;83808553882;ul. Słowackiego;31;Olsztyn;Norwegia
Sophia;Lewandowski;85290637549;Aleja Niepodległości;49;Białystok;Turcja
James;Grabowski;61080897840;ul. Grunwaldzka;19;Rzeszów;Japonia
Liam;Wójcik;11155020643;ul. Kościuszki;20;Rzeszów;Francja
Alex;Kwiatkowski;32227730072;Aleja Przyjaźni;5;Łódź;Australia
Charlotte;Jankowski;47217700005;ul. Piłsudskiego;25;Opole;Norwegia
Benjamin;Kowalczyk;46253798287;Aleja Przyjaźni;30;Poznań;Szwecja
Ethan;Kamiński;67865893264;Aleja Przyjaźni;10;Szczecin;Niemcy
Mia;Grabowski;17264586685;Skwer Kwiatowy;39;Szczecin;Południowa Afryka
Noah;Krawczyk;81557464186;Aleja Przyjaźni;7;Sosnowiec;Brazylia
Michael;Szymański;24549527959;Plac Wolności;3;Kraków;Hiszpania
Alex;Dąbrowski;48512824290;Plac Rynkowy;49;Wrocław;Norwegia
Lucas;Nowakowski;33696922375;Skwer Nadbrzeżny;11;Rzeszów;Hiszpania
Lucas;Wieczorek;20035193790;ul. Jagiełły;20;Kraków;Japonia
Liam;Wiśniewski;84708760715;ul. Słowackiego;36;Gdynia;Brazylia
William;Kowalczyk;08201822927;ul. Grunwaldzka;40;Toruń;Szwecja
Isabella;Nowakowski;94906908885;ul. Jagiełły;31;Olsztyn;Polska
Ethan;Lewandowski;24604576596;Plac Zbawiciela;44;Katowice;Argentyna
Ava;Dąbrowski;86372989113;ul. Słowackiego;30;Gdańsk;Norwegia
Michael;Dąbrowski;88663855567;ul. Mickiewicza;24;Białystok;Hiszpania
William;Mazur;66278207275;ul. Piłsudskiego;22;Katowice;Polska
Charlotte;Nowakowski;22464016003;Skwer Kwiatowy;42;Wrocław;Australia
Alex;Nowak;12000464877;Aleja Niepodległości;26;Łódź;Stany Zjednoczone
Liam;Krawczyk;30158019176;Aleja Kwiatowa;33;Lublin;Turcja
Liam;Nowakowski;43398298981;ul. Grunwaldzka;39;Szczecin;Chiny
Benjamin;Nowak;29745987848;ul. Lecha;21;Rzeszów;Rosja
Noah;Kowalczyk;71532055359;Plac Rynkowy;47;Kraków;Brazylia
Oliver;Piotrowski;97607498769;ul. Grunwaldzka;37;Bydgoszcz;Brazylia
Ava;Kwiatkowski;68529341648;ul. Kościuszki;22;Kielce;Argentyna
Liam;Wieczorek;13212652720;Plac Zbawiciela;49;Toruń;Turcja
Michael;Nowak;74675532773;Aleja Solidarności;4;Bydgoszcz;Argentyna
Michael;Jankowski;32282651868;ul. Grunwaldzka;3;Poznań;Stany Zjednoczone
Benjamin;Dąbrowski;07889658424;ul. Jagiełły;49;Olsztyn;Turcja
Emma;Jankowski;01559059635;ul. Piłsudskiego;38;Bydgoszcz;Japonia
Ava;Wójcik;13115445881;Aleja Przyjaźni;16;Sosnowiec;Indie
Olivia;Wieczorek;78110644477;Skwer Nadbrzeżny;34;Warszawa;Meksyk
Charlotte;Nowak;88184044494;ul. Jagiełły;11;Łódź;Stany Zjednoczone
Mia;Dąbrowski;87197575473;Aleja Kwiatowa;3;Olsztyn;Brazylia
Emma;Kwiatkowski;57179407935;Plac Zbawiciela;4;Częstochowa;Stany Zjednoczone
William;Wiśniewski;54284772895;ul. Traugutta;37;Gdynia;Włochy
Benjamin;Krawczyk;92997645128;ul. Traugutta;27;Częstochowa;Hiszpania
Emma;Kwiatkowski;58938065355;Plac Rynkowy;47;Gdańsk;Polska
Harper;Dąbrowski;70724107904;Plac Zbawiciela;27;Opole;Norwegia
Mia;Kowalczyk;59948707016;ul. Jagiełły;15;Łódź;Australia
Liam;Wójcik;34738686565;Aleja Kwiatowa;41;Radom;Meksyk
Mia;Wieczorek;01967347597;ul. Lecha;30;Warszawa;Rosja
Noah;Kwiatkowski;71273080602;ul. Grunwaldzka;4;Opole;Chiny
Harper;Mazur;38434408401;ul. Grunwaldzka;36;Łódź;Norwegia
Lucas;Lewandowski;06562896893;ul. Traugutta;8;Bydgoszcz;Meksyk
Noah;Krawczyk;94394875698;Plac Wolności;10;Łódź;Argentyna
Benjamin;Mazur;22803764486;Plac Zbawiciela;39;Bydgoszcz;Argentyna
Ava;Wiśniewski;30761598126;ul. Słowackiego;35;Radom;Rosja
Oliver;Jankowski;04368177030;Aleja Niepodległości;26;Katowice;Rosja
Emma;Grabowski;65070772878;ul. Jagiełły;42;Bydgoszcz;Stany Zjednoczone
Emily;Zieliński;36459693392;ul. Mickiewicza;45;Wrocław;Rosja
Noah;Wieczorek;17860760649;ul. Sobieskiego;45;Kielce;Turcja
Lucas;Wiśniewski;77805585645;Plac Zbawiciela;23;Łódź;Hiszpania
Olivia;Kamiński;51738081100;ul. Słowackiego;1;Katowice;Francja
William;Mazur;21842957274;ul. Piłsudskiego;41;Olsztyn;Rosja
Isabella;Grabowski;47944030774;Skwer Nadbrzeżny;11;Gdynia;Rosja
Isabella;Piotrowski;46310296186;ul. Słowackiego;7;Sosnowiec;Turcja
Ava;Kowalski;02153324455;ul. Sobieskiego;20;Katowice;Polska
Alex;Wójcik;60884543811;ul. Słowackiego;17;Łódź;Turcja
Liam;Kowalski;76447563223;Plac Zbawiciela;32;Rzeszów;Francja
Ava;Jankowski;22841549334;ul. Lecha;8;Wrocław;Australia
Ava;Krawczyk;80135843714;Aleja Niepodległości;14;Toruń;Indie
William;Kowalski;01029066867;Aleja Solidarności;35;Wrocław;Francja
Harper;Lewandowski;00381684651;Skwer Słoneczny;26;Białystok;Szwecja
Oliver;Lewandowski;24814684062;Aleja Solidarności;49;Kielce;Turcja
Alex;Lewandowski;95456498890;ul. Mickiewicza;32;Częstochowa;Meksyk
Ava;Kowalski;93909043497;Aleja Przyjaźni;20;Gdynia;Szwecja
Michael;Nowak;08940961587;Plac Zbawiciela;2;Toruń;Argentyna
Liam;Kozłowski;70719474070;ul. Narutowicza;33;Opole;Hiszpania
William;Jankowski;61097247874;Aleja Kwiatowa;0;Gdynia;Norwegia
James;Dąbrowski;19667592040;ul. Narutowicza;42;Szczecin;Indie
Ava;Krawczyk;95448947401;ul. Grunwaldzka;14;Gdańsk;Hiszpania
James;Grabowski;13577476281;Plac Rynkowy;8;Gdańsk;Stany Zjednoczone
William;Wiśniewski;19210326678;ul. Mickiewicza;20;Lublin;Chiny
Mia;Wieczorek;28010571687;ul. Grunwaldzka;12;Łódź;Hiszpania
Olivia;Jankowski;37493519718;Aleja Kwiatowa;37;Olsztyn;Szwecja
Mia;Kowalski;54617751069;Aleja Niepodległości;24;Łódź;Argentyna
Sophia;Nowak;41802193160;ul. Słowackiego;27;Sosnowiec;Włochy
Michael;Nowak;66939861112;ul. Narutowicza;24;Kielce;Indie
Oliver;Lewandowski;72934456434;ul. Jagiełły;31;Bydgoszcz;Argentyna
Harper;Kowalski;70876826286;ul. Traugutta;22;Wrocław;Brazylia
Charlotte;Wójcik;28789568608;ul. Grunwaldzka;25;Bydgoszcz;Południowa Afryka
Michael;Nowak;97764781852;Aleja Niepodległości;22;Białystok;Norwegia
Charlotte;Nowakowski;53584096978;Plac Wolności;46;Katowice;Południowa Afryka
Ethan;Wieczorek;93818333421;Plac Rynkowy;0;Łódź;Stany Zjednoczone
William;Kamiński;57290874697;Aleja Przyjaźni;45;Kraków;Hiszpania
Charlotte;Wiśniewski;14608827426;Skwer Kwiatowy;23;Kielce;Japonia
Noah;Wiśniewski;37124313537;ul. Piłsudskiego;21;Bydgoszcz;Meksyk
Sophia;Kowalski;52828834354;Plac Wolności;11;Poznań;Stany Zjednoczone
Alex;Piotrowski;71569824042;ul. Lecha;13;Szczecin;Południowa Afryka
Noah;Mazur;22522403798;ul. Słowackiego;17;Poznań;Norwegia
Ava;Kamiński;13945624933;Plac Rynkowy;30;Gdynia;Turcja
Ethan;Wieczorek;09734634851;Skwer Kwiatowy;49;Warszawa;Australia
Ava;Wiśniewski;76372061734;Skwer Słoneczny;30;Bydgoszcz;Szwecja
Sophia;Piotrowski;15943348390;Plac Zbawiciela;29;Szczecin;Argentyna
Charlotte;Nowakowski;43533982407;ul. Piłsudskiego;23;Białystok;Francja
William;Mazur;83492997408;Aleja Przyjaźni;25;Szczecin;Hiszpania
Michael;Grabowski;82215132064;ul. Kościuszki;39;Łódź;Południowa Afryka
Sophia;Szymański;33966636747;Aleja Solidarności;16;Poznań;Brazylia
Oliver;Krawczyk;60352819970;ul. Jagiełły;37;Kielce;Turcja
Emily;Jankowski;51065546639;Plac Zbawiciela;11;Sosnowiec;Indie
Michael;Wiśniewski;94262130113;Aleja Przyjaźni;47;Katowice;Polska
Ava;Jankowski;62808310953;Skwer Kwiatowy;36;Gdańsk;Stany Zjednoczone
Lucas;Krawczyk;16298928379;ul. Piłsudskiego;33;Gdynia;Australia
Ethan;Lewandowski;40070149532;Skwer Nadbrzeżny;26;Toruń;Południowa Afryka
Olivia;Kozłowski;89926538905;ul. Mickiewicza;26;Radom;Japonia
Sophia;Jankowski;89434372019;Plac Rynkowy;16;Radom;Turcja
Charlotte;Kwiatkowski;34423000509;Aleja Kwiatowa;18;Opole;Włochy
Lucas;Jankowski;00398918478;Skwer Słoneczny;30;Opole;Południowa Afryka
Oliver;Wiśniewski;28056761050;Aleja Przyjaźni;25;Wrocław;Norwegia
Jessica;Woźniak;64580321292;Skwer Słoneczny;9;Gdańsk;Hiszpania
Jessica;Nowakowski;17792087751;Aleja Solidarności;42;Gdynia;Francja
Harper;Wiśniewski;64437625355;ul. Narutowicza;35;Sosnowiec;Chiny
James;Nowak;47745881167;Plac Rynkowy;0;Częstochowa;Indie
Olivia;Grabowski;16195399463;ul. Mickiewicza;10;Opole;Chiny
Lucas;Kowalski;63104427173;ul. Piłsudskiego;5;Toruń;Meksyk
Ethan;Dąbrowski;26419774494;ul. Słowackiego;10;Katowice;Stany Zjednoczone
Noah;Wójcik;01406964150;Aleja Przyjaźni;2;Poznań;Szwecja
William;Nowak;88733686128;ul. Piłsudskiego;48;Katowice;Francja
Oliver;Jankowski;44185447583;ul. Traugutta;24;Bydgoszcz;Francja
Lucas;Wiśniewski;90032373891;Plac Zbawiciela;21;Gdańsk;Kanada
Harper;Piotrowski;09332707012;Aleja Kwiatowa;18;Sosnowiec;Indie
Sophia;Wójcik;97890507708;Plac Zbawiciela;27;Szczecin;Szwecja
Harper;Dąbrowski;34175908039;Aleja Przyjaźni;0;Lublin;Szwecja
Sophia;Lewandowski;78107526624;ul. Lecha;41;Bydgoszcz;Japonia
Ethan;Lewandowski;99681100751;ul. Narutowicza;47;Łódź;Turcja
Alex;Kowalczyk;34015831817;ul. Lecha;27;Opole;Rosja
Alex;Wieczorek;74295129801;ul. Grunwaldzka;42;Kraków;Kanada
Ethan;Nowakowski;18934018852;ul. Grunwaldzka;20;Olsztyn;Brazylia
Noah;Grabowski;62663252865;ul. Słowackiego;23;Katowice;Brazylia
Michael;Krawczyk;39895308463;Aleja Solidarności;16;Sosnowiec;Indie
Alex;Zieliński;26555922811;ul. Lecha;27;Opole;Chiny
Isabella;Kozłowski;05613543366;ul. Kościuszki;12;Opole;Rosja
Isabella;Woźniak;52611722695;Skwer Kwiatowy;45;Poznań;Brazylia
Noah;Wiśniewski;76854137684;Plac Wolności;42;Warszawa;Hiszpania
Liam;Kozłowski;38852962156;Skwer Słoneczny;35;Gdańsk;Południowa Afryka
Ava;Lewandowski;85029749512;ul. Słowackiego;3;Łódź;Niemcy
James;Zieliński;04111296392;Plac Zbawiciela;24;Opole;Chiny
Michael;Kozłowski;77116679354;Skwer Słoneczny;12;Poznań;Hiszpania
Sophia;Kwiatkowski;39189009129;Plac Rynkowy;21;Łódź;Polska
Emily;Kwiatkowski;12042772234;ul. Lecha;11;Olsztyn;Turcja
Liam;Szymański;77185067024;ul. Traugutta;12;Sosnowiec;Stany Zjednoczone
Mia;Piotrowski;73138782932;Aleja Kwiatowa;18;Gdańsk;Polska
Charlotte;Krawczyk;64712317728;ul. Traugutta;21;Gdynia;Meksyk
Emily;Kwiatkowski;68209083658;ul. Grunwaldzka;35;Opole;Południowa Afryka
Lucas;Kozłowski;05378685516;ul. Jagiełły;13;Gdańsk;Południowa Afryka
Harper;Nowakowski;93666644519;Skwer Słoneczny;32;Łódź;Włochy
Emily;Piotrowski;50556978997;Plac Rynkowy;18;Bydgoszcz;Argentyna
Mia;Jankowski;74080919522;ul. Narutowicza;4;Łódź;Rosja
Harper;Woźniak;42782871798;Aleja Przyjaźni;29;Radom;Hiszpania
Ethan;Piotrowski;05123674608;ul. Traugutta;31;Kraków;Szwecja
Liam;Zieliński;57651185591;Plac Rynkowy;43;Lublin;Szwecja
Ava;Dąbrowski;97597061907;ul. Mickiewicza;44;Szczecin;Południowa Afryka
Harper;Dąbrowski;47874666231;ul. Mickiewicza;15;Szczecin;Turcja
Mia;Lewandowski;37853628684;Skwer Słoneczny;31;Radom;Polska
Harper;Grabowski;12688751643;ul. Traugutta;6;Rzeszów;Kanada
Emma;Grabowski;22270027840;ul. Traugutta;35;Poznań;Brazylia
Michael;Jankowski;87714698463;Aleja Niepodległości;33;Bydgoszcz;Meksyk
Alex;Woźniak;01830491869;Aleja Niepodległości;0;Kraków;Południowa Afryka
Ava;Mazur;13597489805;Aleja Przyjaźni;45;Sosnowiec;Turcja
Harper;Piotrowski;26811422077;ul. Słowackiego;30;Kraków;Japonia
James;Dąbrowski;14083384514;Aleja Solidarności;10;Gdynia;Rosja
Liam;Woźniak;59188056115;Skwer Kwiatowy;18;Kielce;Brazylia
Isabella;Szymański;70067982863;ul. Narutowicza;33;Białystok;Stany Zjednoczone
Isabella;Wieczorek;38821537702;Aleja Przyjaźni;28;Gdynia;Polska
Noah;Wójcik;77775827469;Plac Zbawiciela;5;Kielce;Włochy
Mia;Kwiatkowski;34223877323;Skwer Nadbrzeżny;48;Sosnowiec;Indie
Noah;Jankowski;27741861604;Aleja Solidarności;46;Poznań;Wielka Brytania
Liam;Kowalczyk;93992622119;ul. Traugutta;18;Opole;Stany Zjednoczone
Ava;Szymański;48747222082;Skwer Kwiatowy;15;Katowice;Chiny
Harper;Kozłowski;87143361188;Skwer Kwiatowy;38;Rzeszów;Japonia
Michael;Nowak;20153892094;Plac Rynkowy;19;Lublin;Norwegia
Isabella;Grabowski;28063857436;ul. Słowackiego;48;Lublin;Meksyk
Lucas;Wiśniewski;95909530809;ul. Słowackiego;9;Kraków;Francja
Olivia;Jankowski;70385421504;Skwer Nadbrzeżny;18;Rzeszów;Turcja
Mia;Piotrowski;23358918600;ul. Kościuszki;26;Rzeszów;Szwecja
Mia;Jankowski;96440624729;Skwer Nadbrzeżny;0;Opole;Chiny
Alex;Kozłowski;96231867115;ul. Mickiewicza;17;Warszawa;Niemcy
Emma;Nowak;19700601013;ul. Piłsudskiego;24;Lublin;Francja
Ethan;Wiśniewski;75549583458;ul. Piłsudskiego;11;Katowice;Meksyk
Sophia;Szymański;55901038673;Plac Zbawiciela;49;Sosnowiec;Kanada
Mia;Zieliński;21615912122;Skwer Nadbrzeżny;6;Toruń;Turcja
Harper;Woźniak;50407974852;Aleja Przyjaźni;10;Poznań;Włochy
Alex;Wieczorek;31149692238;Skwer Słoneczny;29;Toruń;Włochy
Alex;Lewandowski;28747180264;Skwer Kwiatowy;39;Białystok;Hiszpania
Emily;Woźniak;19571449229;ul. Narutowicza;12;Poznań;Hiszpania
William;Wiśniewski;19495230566;Aleja Przyjaźni;40;Kielce;Brazylia
Jessica;Szymański;00078090671;ul. Piłsudskiego;14;Olsztyn;Japonia
Olivia;Jankowski;79305277284;Skwer Kwiatowy;25;Bydgoszcz;Meksyk
Charlotte;Nowakowski;59413959496;Plac Wolności;21;Łódź;Norwegia
Alex;Zieliński;57588994702;ul. Słowackiego;49;Łódź;Niemcy
Benjamin;Jankowski;29653697884;Aleja Niepodległości;19;Kraków;Niemcy
Michael;Wieczorek;26636949175;ul. Grunwaldzka;39;Warszawa;Kanada
Charlotte;Woźniak;27942389015;ul. Lecha;24;Kielce;Japonia
Oliver;Kowalski;74982584908;Skwer Nadbrzeżny;45;Gdańsk;Hiszpania
Harper;Kamiński;62152047985;ul. Sobieskiego;39;Szczecin;Hiszpania
William;Krawczyk;48971075696;Aleja Przyjaźni;41;Łódź;Chiny
Michael;Kowalczyk;62122698068;Skwer Nadbrzeżny;13;Gdańsk;Niemcy
James;Piotrowski;93518930544;ul. Lecha;42;Lublin;Meksyk
James;Kozłowski;81463494581;Aleja Solidarności;26;Toruń;Rosja
Isabella;Mazur;61615154459;Plac Zbawiciela;1;Rzeszów;Włochy
James;Kowalczyk;43984078833;ul. Lecha;20;Lublin;Polska
Ethan;Mazur;85536936756;ul. Słowackiego;8;Kraków;Niemcy
Mia;Nowak;48082840132;ul. Grunwaldzka;32;Olsztyn;Hiszpania
Charlotte;Wójcik;11476862914;ul. Mickiewicza;34;Olsztyn;Stany Zjednoczone
James;Dąbrowski;32706454093;Aleja Solidarności;8;Gdynia;Kanada
Liam;Kowalski;85719891781;ul. Piłsudskiego;28;Bydgoszcz;Meksyk
Alex;Kowalczyk;84187944387;Aleja Niepodległości;7;Częstochowa;Polska
Ethan;Dąbrowski;80113296086;Plac Rynkowy;4;Białystok;Wielka Brytania
William;Kowalski;47180472980;ul. Traugutta;42;Częstochowa;Turcja
Alex;Krawczyk;13290016410;Aleja Przyjaźni;6;Częstochowa;Japonia
William;Nowak;96772438421;ul. Traugutta;15;Kielce;Rosja
Oliver;Kowalczyk;71953260661;ul. Lecha;37;Kraków;Turcja
Benjamin;Wiśniewski;81756574592;ul. Mickiewicza;14;Gdańsk;Kanada
Isabella;Lewandowski;60949140904;Aleja Solidarności;19;Warszawa;Kanada
Noah;Wiśniewski;64682212332;Aleja Solidarności;19;Warszawa;Meksyk
Olivia;Nowak;97799101625;ul. Kościuszki;11;Łódź;Japonia
Olivia;Nowak;64758004238;ul. Jagiełły;17;Gdynia;Indie
Jessica;Wiśniewski;60621064523;ul. Piłsudskiego;27;Lublin;Japonia
Jessica;Nowak;20082000228;Skwer Nadbrzeżny;12;Olsztyn;Włochy
Lucas;Zieliński;23407492576;ul. Lecha;7;Sosnowiec;Kanada
Liam;Kozłowski;50206289441;Skwer Kwiatowy;48;Gdynia;Wielka Brytania
Noah;Mazur;32262183339;ul. Lecha;13;Lublin;Polska
Michael;Zieliński;79986754411;ul. Piłsudskiego;31;Kraków;Rosja
Mia;Wieczorek;37653218784;Skwer Kwiatowy;40;Gdynia;Norwegia
Isabella;Kamiński;68271350229;Aleja Niepodległości;22;Poznań;Turcja
Sophia;Mazur;64031199018;ul. Grunwaldzka;8;Toruń;Hiszpania
Ava;Woźniak;66842800182;Aleja Kwiatowa;33;Częstochowa;Polska
Alex;Kwiatkowski;11588052673;Plac Rynkowy;16;Wrocław;Indie
Olivia;Lewandowski;95459733433;Plac Rynkowy;7;Toruń;Meksyk
Oliver;Zieliński;83642447164;ul. Mickiewicza;33;Rzeszów;Japonia
William;Woźniak;58839346726;Skwer Kwiatowy;19;Sosnowiec;Niemcy
Ethan;Nowakowski;94552113288;ul. Mickiewicza;9;Białystok;Południowa Afryka
Benjamin;Woźniak;23680936402;ul. Narutowicza;10;Poznań;Rosja
Harper;Kwiatkowski;43584143891;ul. Narutowicza;48;Szczecin;Stany Zjednoczone
Benjamin;Wójcik;72986667352;Plac Rynkowy;35;Sosnowiec;Rosja
James;Piotrowski;44627550214;ul. Narutowicza;5;Bydgoszcz;Południowa Afryka
Alex;Nowak;50763408684;Aleja Kwiatowa;12;Bydgoszcz;Australia
Charlotte;Wieczorek;50262548189;Aleja Przyjaźni;25;Warszawa;Francja
Alex;Wójcik;59226869539;ul. Piłsudskiego;47;Rzeszów;Stany Zjednoczone
Noah;Kozłowski;89365364359;Plac Zbawiciela;10;Warszawa;Kanada
Noah;Wiśniewski;27205315308;ul. Mickiewicza;48;Kraków;Niemcy
Olivia;Wieczorek;83607221083;Plac Rynkowy;33;Poznań;Argentyna
Liam;Grabowski;63482381711;ul. Jagiełły;0;Olsztyn;Stany Zjednoczone
Benjamin;Dąbrowski;79495393258;ul. Narutowicza;5;Kraków;Włochy
Sophia;Kamiński;86081453459;Plac Zbawiciela;19;Rzeszów;Turcja
Benjamin;Grabowski;37060907588;Skwer Słoneczny;42;Warszawa;Australia
Ava;Grabowski;63345921505;ul. Słowackiego;7;Sosnowiec;Turcja
Emma;Kwiatkowski;73207282158;ul. Słowackiego;23;Rzeszów;Niemcy
Jessica;Wójcik;74524942146;Aleja Kwiatowa;29;Lublin;Szwecja
Emma;Woźniak;90295139511;Aleja Przyjaźni;18;Białystok;Francja
Olivia;Lewandowski;62097128124;Skwer Słoneczny;33;Kielce;Meksyk
James;Kowalczyk;05111643184;Aleja Przyjaźni;46;Częstochowa;Japonia
Liam;Kowalski;96569421092;ul. Sobieskiego;47;Częstochowa;Szwecja
Ava;Nowak;91550609072;Plac Rynkowy;42;Toruń;Meksyk
Sophia;Zieliński;60807910477;ul. Słowackiego;1;Opole;Chiny
Noah;Krawczyk;36892813261;ul. Sobieskiego;5;Olsztyn;Indie
Mia;Kozłowski;94252220908;Aleja Solidarności;46;Poznań;Francja
Harper;Dąbrowski;50401664379;ul. Piłsudskiego;43;Białystok;Wielka Brytania
Charlotte;Dąbrowski;41728897435;Aleja Niepodległości;36;Lublin;Norwegia
Olivia;Mazur;42991301938;ul. Słowackiego;39;Białystok;Australia
Lucas;Krawczyk;40761415718;ul. Lecha;10;Opole;Rosja
William;Zieliński;44860731172;ul. Mickiewicza;42;Kraków;Stany Zjednoczone
Michael;Wójcik;39787569636;Plac Wolności;30;Olsztyn;Kanada
Sophia;Wójcik;82788770656;Aleja Kwiatowa;12;Sosnowiec;Turcja
Oliver;Kwiatkowski;12367943510;ul. Mickiewicza;39;Sosnowiec;Indie
Lucas;Kamiński;60623916168;Aleja Niepodległości;39;Warszawa;Niemcy
Sophia;Kowalski;97372078954;Plac Rynkowy;24;Poznań;Indie
Jessica;Woźniak;61963878009;ul. Lecha;34;Szczecin;Turcja
Ava;Kowalczyk;47105374272;Skwer Nadbrzeżny;40;Warszawa;Norwegia
Mia;Kwiatkowski;93634225217;Aleja Solidarności;37;Wrocław;Rosja
Harper;Zieliński;72271156185;Skwer Kwiatowy;31;Opole;Kanada
William;Zieliński;02758664122;Aleja Kwiatowa;27;Wrocław;Chiny
James;Mazur;34604106832;ul. Jagiełły;3;Rzeszów;Hiszpania
Mia;Zieliński;80037105721;Plac Zbawiciela;46;Opole;Stany Zjednoczone
Sophia;Kozłowski;30080140091;Plac Wolności;13;Toruń;Francja
Ava;Jankowski;57315185575;Skwer Kwiatowy;33;Łódź;Chiny
Charlotte;Grabowski;24301363100;ul. Piłsudskiego;46;Częstochowa;Argentyna
Alex;Kowalski;00728641050;Skwer Nadbrzeżny;44;Poznań;Wielka Brytania
Michael;Zieliński;08771767477;ul. Sobieskiego;48;Wrocław;Hiszpania
Charlotte;Nowakowski;69623453255;ul. Traugutta;22;Toruń;Argentyna
Lucas;Woźniak;95918728822;ul. Lecha;32;Poznań;Indie
Isabella;Kwiatkowski;66533836685;ul. Sobieskiego;49;Sosnowiec;Brazylia
Lucas;Wójcik;36120772902;Skwer Nadbrzeżny;47;Toruń;Polska
James;Kamiński;07182160804;Aleja Przyjaźni;46;Bydgoszcz;Kanada
Emily;Kowalczyk;78824917194;ul. Jagiełły;37;Katowice;Wielka Brytania
Emma;Dąbrowski;88109308151;ul. Narutowicza;26;Poznań;Stany Zjednoczone
William;Nowak;16797030677;Skwer Słoneczny;32;Toruń;Argentyna
Emma;Krawczyk;53643162042;Plac Zbawiciela;24;Lublin;Francja
Mia;Mazur;70873276667;Skwer Słoneczny;38;Łódź;Rosja
Liam;Mazur;85072924959;ul. Piłsudskiego;45;Lublin;Niemcy
Oliver;Wieczorek;69005585010;ul. Słowackiego;46;Katowice;Chiny
Charlotte;Kowalski;16782823589;Skwer Kwiatowy;24;Opole;Polska
Benjamin;Nowak;16011145394;Plac Rynkowy;11;Wrocław;Kanada
Noah;Szymański;83489816406;Skwer Nadbrzeżny;3;Kielce;Indie
Charlotte;Kowalski;43013295487;Plac Wolności;5;Rzeszów;Wielka Brytania
Isabella;Mazur;55988594678;ul. Sobieskiego;34;Częstochowa;Indie
Oliver;Dąbrowski;93142302719;Skwer Nadbrzeżny;4;Opole;Japonia
Ava;Piotrowski;32133402873;Plac Wolności;8;Kraków;Indie
Charlotte;Kwiatkowski;78584155968;ul. Grunwaldzka;10;Lublin;Brazylia
Emily;Krawczyk;45321553813;ul. Traugutta;23;Gdańsk;Niemcy
Jessica;Kowalczyk;52747179170;ul. Jagiełły;20;Olsztyn;Indie
Harper;Lewandowski;01391764163;ul. Jagiełły;0;Warszawa;Argentyna
Alex;Mazur;69384477568;Aleja Kwiatowa;22;Rzeszów;Szwecja
Isabella;Woźniak;43102258456;ul. Kościuszki;15;Toruń;Norwegia
Olivia;Lewandowski;77252996669;ul. Sobieskiego;49;Gdańsk;Francja
Ava;Lewandowski;82157467937;ul. Słowackiego;19;Poznań;Chiny
Sophia;Nowak;78902898329;ul. Sobieskiego;32;Gdańsk;Rosja
Jessica;Woźniak;16910537857;ul. Piłsudskiego;16;Toruń;Australia
James;Nowakowski;06225299575;ul. Sobieskiego;1;Sosnowiec;Kanada
Olivia;Wiśniewski;35431486517;ul. Kościuszki;19;Łódź;Południowa Afryka
Charlotte;Jankowski;60238266285;ul. Jagiełły;4;Katowice;Polska
Sophia;Kowalski;58957852110;Plac Zbawiciela;26;Gdynia;Brazylia
Benjamin;Kozłowski;46404734496;ul. Kościuszki;14;Wrocław;Niemcy
William;Jankowski;68478529018;ul. Słowackiego;20;Poznań;Turcja
William;Lewandowski;83912840615;Plac Zbawiciela;38;Gdynia;Chiny
Emily;Kozłowski;70513744285;ul. Lecha;1;Kraków;Stany Zjednoczone
William;Wiśniewski;21748396379;Skwer Kwiatowy;15;Gdańsk;Argentyna
Charlotte;Kowalczyk;90573974567;ul. Narutowicza;20;Warszawa;Hiszpania
James;Zieliński;91271237650;ul. Grunwaldzka;19;Rzeszów;Hiszpania
Oliver;Kowalczyk;03334663330;ul. Słowackiego;48;Bydgoszcz;Turcja
Emily;Zieliński;16643835328;ul. Traugutta;21;Bydgoszcz;Polska
Alex;Krawczyk;15712771678;Plac Rynkowy;40;Gdańsk;Włochy
Lucas;Wiśniewski;84428113621;ul. Mickiewicza;44;Warszawa;Norwegia
Ava;Piotrowski;11510708403;ul. Mickiewicza;25;Rzeszów;Meksyk
Ethan;Krawczyk;73859599815;ul. Słowackiego;5;Toruń;Australia
Noah;Kamiński;57649166938;ul. Grunwaldzka;33;Gdynia;Włochy
William;Woźniak;53173391435;ul. Kościuszki;43;Łódź;Kanada
Charlotte;Nowak;94454601015;ul. Lecha;29;Szczecin;Meksyk
Benjamin;Krawczyk;97086064470;ul. Mickiewicza;16;Radom;Południowa Afryka
Oliver;Zieliński;59888940978;Skwer Nadbrzeżny;18;Szczecin;Chiny
Lucas;Nowak;23546424301;Skwer Nadbrzeżny;6;Białystok;Francja
Jessica;Kowalczyk;10940447281;ul. Piłsudskiego;12;Toruń;Francja
Liam;Kozłowski;39372869269;ul. Kościuszki;19;Radom;Polska
Harper;Jankowski;40518407065;ul. Grunwaldzka;40;Wrocław;Argentyna
Ethan;Dąbrowski;48160196169;Plac Wolności;47;Opole;Australia
Ethan;Nowakowski;02625447621;ul. Kościuszki;45;Gdynia;Włochy
Olivia;Kowalski;39568986658;Skwer Słoneczny;18;Gdańsk;Hiszpania
William;Wiśniewski;51722461214;Skwer Nadbrzeżny;33;Poznań;Kanada
Liam;Dąbrowski;16507922752;ul. Mickiewicza;41;Poznań;Turcja
William;Kwiatkowski;56122086228;Plac Rynkowy;40;Łódź;Francja
Charlotte;Lewandowski;48560313060;Aleja Przyjaźni;4;Warszawa;Hiszpania
Harper;Grabowski;02715813627;ul. Narutowicza;14;Szczecin;Rosja
Alex;Wieczorek;30092063009;ul. Kościuszki;18;Lublin;Polska
Olivia;Woźniak;61073284561;Plac Rynkowy;34;Poznań;Kanada
Emma;Kozłowski;37502026726;ul. Sobieskiego;0;Radom;Meksyk
Jessica;Szymański;65185875861;Plac Wolności;11;Toruń;Rosja
Isabella;Kamiński;89212169395;Skwer Nadbrzeżny;3;Toruń;Australia
Mia;Kozłowski;03049823573;ul. Traugutta;47;Wrocław;Rosja
Noah;Kowalski;44642100871;Plac Zbawiciela;34;Rzeszów;Stany Zjednoczone
Jessica;Szymański;25063337797;ul. Lecha;17;Białystok;Wielka Brytania
Harper;Wiśniewski;78319181886;Skwer Kwiatowy;40;Opole;Indie
Emily;Kamiński;02113642166;Aleja Przyjaźni;20;Gdańsk;Brazylia
Emily;Kozłowski;43079819788;ul. Sobieskiego;38;Olsztyn;Stany Zjednoczone
Jessica;Wieczorek;85704862217;Skwer Nadbrzeżny;14;Gdynia;Niemcy
Emma;Szymański;19536884500;Skwer Słoneczny;8;Opole;Norwegia
Benjamin;Nowakowski;24986862263;ul. Piłsudskiego;36;Rzeszów;Brazylia
Olivia;Nowakowski;08764414468;ul. Piłsudskiego;36;Gdynia;Kanada
Isabella;Kwiatkowski;75353807375;Aleja Kwiatowa;20;Łódź;Japonia
Benjamin;Mazur;52233583158;Plac Zbawiciela;23;Sosnowiec;Chiny
Alex;Mazur;42172889185;Aleja Kwiatowa;43;Radom;Indie
Mia;Kowalski;55684997515;ul. Traugutta;49;Toruń;Hiszpania
Benjamin;Kwiatkowski;54426060577;Plac Rynkowy;18;Kraków;Australia
Lucas;Mazur;50614300140;ul. Słowackiego;38;Wrocław;Włochy
Noah;Dąbrowski;70675186910;ul. Sobieskiego;30;Gdańsk;Szwecja
Lucas;Wiśniewski;65275865062;ul. Mickiewicza;22;Radom;Wielka Brytania
Ava;Kwiatkowski;78407693877;Plac Rynkowy;7;Olsztyn;Meksyk
Benjamin;Piotrowski;90826941799;Plac Zbawiciela;28;Opole;Hiszpania
Lucas;Wójcik;56315735698;ul. Jagiełły;47;Białystok;Meksyk
Emma;Wiśniewski;15222371911;Plac Wolności;5;Gdynia;Turcja
Mia;Wiśniewski;81536436395;Aleja Kwiatowa;30;Radom;Wielka Brytania
Liam;Jankowski;85955694209;Plac Rynkowy;47;Bydgoszcz;Niemcy
Alex;Wójcik;01856751249;Aleja Solidarności;30;Lublin;Japonia
Noah;Lewandowski;21448651889;ul. Mickiewicza;34;Bydgoszcz;Kanada
Isabella;Kamiński;07641457766;ul. Piłsudskiego;36;Poznań;Australia
Emily;Wieczorek;96504678558;Skwer Kwiatowy;49;Białystok;Włochy
Alex;Jankowski;35477589255;ul. Kościuszki;39;Wrocław;Meksyk
Mia;Woźniak;05024056901;Aleja Solidarności;6;Olsztyn;Japonia
Lucas;Kozłowski;01430469562;ul. Słowackiego;20;Radom;Niemcy
Charlotte;Wieczorek;23464933320;Plac Rynkowy;44;Toruń;Szwecja
Emma;Krawczyk;84465267510;ul. Lecha;23;Częstochowa;Japonia
Sophia;Wójcik;61374430898;ul. Sobieskiego;14;Częstochowa;Stany Zjednoczone
Jessica;Nowak;19822671430;Plac Rynkowy;2;Bydgoszcz;Niemcy
Olivia;Wiśniewski;46047882467;Aleja Kwiatowa;43;Toruń;Niemcy
Jessica;Wiśniewski;22856924283;ul. Piłsudskiego;33;Toruń;Stany Zjednoczone
William;Zieliński;85898038571;Aleja Niepodległości;24;Opole;Rosja
Mia;Woźniak;93789791243;Skwer Nadbrzeżny;5;Katowice;Hiszpania
Alex;Wójcik;99043883475;Plac Rynkowy;23;Rzeszów;Australia
Alex;Jankowski;18818856298;Aleja Solidarności;49;Łódź;Południowa Afryka
Emma;Nowakowski;30292334859;ul. Kościuszki;35;Łódź;Norwegia
Benjamin;Piotrowski;91085247088;ul. Narutowicza;31;Warszawa;Indie
Olivia;Lewandowski;13149279968;ul. Kościuszki;35;Białystok;Australia
Ava;Wójcik;69550065496;ul. Piłsudskiego;34;Sosnowiec;Włochy
Liam;Dąbrowski;96840402634;Plac Wolności;42;Białystok;Chiny
Benjamin;Wieczorek;29145800431;ul. Lecha;42;Olsztyn;Niemcy
Ava;Jankowski;19518964999;Aleja Niepodległości;35;Katowice;Brazylia
Noah;Kamiński;05815874167;ul. Grunwaldzka;21;Radom;Meksyk
Ethan;Szymański;90033437545;Aleja Solidarności;23;Katowice;Południowa Afryka
James;Woźniak;38241481747;ul. Mickiewicza;7;Opole;Francja
Charlotte;Grabowski;45107284591;ul. Traugutta;5;Toruń;Stany Zjednoczone
William;Mazur;29434225370;Plac Rynkowy;47;Toruń;Turcja
Jessica;Zieliński;94980149063;ul. Sobieskiego;25;Toruń;Kanada
Michael;Wójcik;91218058164;ul. Traugutta;0;Poznań;Turcja
Sophia;Kamiński;14551501806;Skwer Nadbrzeżny;7;Kraków;Stany Zjednoczone
Ava;Szymański;83007453095;ul. Jagiełły;43;Toruń;Indie
Noah;Wiśniewski;26928384595;Aleja Niepodległości;41;Warszawa;Niemcy
Sophia;Jankowski;01556003392;Plac Zbawiciela;6;Kielce;Turcja
Olivia;Kamiński;73212086465;ul. Jagiełły;31;Toruń;Francja
James;Woźniak;17904306682;ul. Lecha;18;Radom;Argentyna
Emily;Kowalczyk;89135447241;ul. Kościuszki;16;Lublin;Polska
Isabella;Mazur;56740281235;ul. Piłsudskiego;22;Częstochowa;Wielka Brytania
Noah;Zieliński;26521958419;Aleja Niepodległości;31;Gdynia;Hiszpania
Benjamin;Kowalczyk;95205405894;Aleja Solidarności;48;Wrocław;Wielka Brytania
Olivia;Piotrowski;59950580239;Skwer Nadbrzeżny;36;Wrocław;Kanada
Olivia;Wiśniewski;09445721927;Skwer Słoneczny;14;Katowice;Kanada
Harper;Dąbrowski;76538737980;ul. Słowackiego;6;Warszawa;Meksyk
Charlotte;Piotrowski;73287119458;ul. Traugutta;21;Gdańsk;Wielka Brytania
Lucas;Kozłowski;03577518645;ul. Lecha;0;Warszawa;Rosja
Isabella;Zieliński;38754261636;Plac Zbawiciela;45;Kraków;Meksyk
Sophia;Kowalski;49619588979;ul. Piłsudskiego;36;Lublin;Włochy
Lucas;Wiśniewski;14874446451;Skwer Słoneczny;12;Częstochowa;Włochy
Alex;Wiśniewski;15836231695;ul. Sobieskiego;37;Gdańsk;Norwegia
Jessica;Dąbrowski;23000212948;ul. Jagiełły;20;Bydgoszcz;Południowa Afryka
Ava;Kowalski;39873135990;Plac Zbawiciela;7;Bydgoszcz;Norwegia
James;Mazur;03359184837;ul. Mickiewicza;13;Łódź;Argentyna
Mia;Woźniak;13352303625;ul. Traugutta;2;Opole;Rosja
Isabella;Nowak;08966121379;Skwer Słoneczny;33;Gdynia;Chiny
Lucas;Kamiński;23049504728;ul. Grunwaldzka;31;Kielce;Kanada
Olivia;Kwiatkowski;10855827859;Plac Wolności;33;Bydgoszcz;Argentyna
Jessica;Krawczyk;07745850288;ul. Traugutta;28;Wrocław;Indie
Noah;Kwiatkowski;70844957101;ul. Mickiewicza;20;Gdynia;Meksyk
Isabella;Kamiński;48988569366;Skwer Kwiatowy;46;Białystok;Brazylia
Alex;Piotrowski;58029380234;ul. Traugutta;29;Szczecin;Meksyk
William;Wiśniewski;01086723639;Skwer Słoneczny;14;Olsztyn;Francja
Ava;Kozłowski;37636560394;Plac Rynkowy;42;Sosnowiec;Rosja
Isabella;Szymański;75740387255;ul. Sobieskiego;27;Wrocław;Południowa Afryka
Isabella;Nowakowski;12435601374;ul. Słowackiego;7;Gdańsk;Turcja
Olivia;Zieliński;99709409736;ul. Słowackiego;14;Radom;Szwecja
Oliver;Kowalski;34155232413;ul. Kościuszki;2;Katowice;Chiny
Liam;Kwiatkowski;26336526897;Skwer Kwiatowy;25;Rzeszów;Włochy
Alex;Zieliński;92338201284;Plac Rynkowy;42;Toruń;Australia
James;Szymański;43044148974;Plac Zbawiciela;36;Kielce;Rosja
James;Wieczorek;92628977731;ul. Grunwaldzka;29;Lublin;Wielka Brytania
Mia;Woźniak;69460726244;Plac Zbawiciela;8;Gdańsk;Meksyk
Noah;Wieczorek;88653508994;Aleja Niepodległości;3;Poznań;Hiszpania
Olivia;Kozłowski;10137615072;ul. Mickiewicza;0;Olsztyn;Wielka Brytania
Harper;Wieczorek;18211592710;Aleja Solidarności;24;Olsztyn;Brazylia
Emma;Kwiatkowski;54348278078;Aleja Kwiatowa;22;Szczecin;Turcja
Emma;Nowak;75535851642;ul. Narutowicza;49;Kraków;Meksyk
James;Kowalski;99242079970;ul. Mickiewicza;46;Kielce;Norwegia
Oliver;Kowalczyk;66240558828;ul. Lecha;29;Szczecin;Chiny
Jessica;Zieliński;36360840118;ul. Lecha;38;Wrocław;Stany Zjednoczone
James;Nowak;18942889043;ul. Traugutta;18;Częstochowa;Hiszpania
Ethan;Kamiński;10045413112;Aleja Solidarności;38;Poznań;Indie
Ethan;Kamiński;45599067371;Aleja Niepodległości;4;Gdynia;Brazylia
Noah;Wiśniewski;07518182645;Aleja Kwiatowa;20;Białystok;Kanada
Oliver;Krawczyk;03051299223;ul. Kościuszki;27;Gdynia;Hiszpania
Oliver;Lewandowski;86486106263;Plac Wolności;26;Wrocław;Szwecja
Ava;Mazur;73028733364;ul. Mickiewicza;32;Katowice;Meksyk
Emily;Nowak;47949791349;ul. Piłsudskiego;24;Olsztyn;Francja
Benjamin;Lewandowski;39728257550;Plac Zbawiciela;38;Kielce;Norwegia
Benjamin;Kowalczyk;83934264298;Aleja Niepodległości;12;Radom;Indie
Isabella;Nowak;15492146560;ul. Lecha;6;Toruń;Francja
Harper;Szymański;36685978629;ul. Traugutta;10;Sosnowiec;Indie
Oliver;Kowalski;43236409379;ul. Lecha;37;Olsztyn;Chiny
Mia;Jankowski;52221925318;Skwer Słoneczny;32;Opole;Południowa Afryka
Benjamin;Woźniak;88411761438;ul. Kościuszki;47;Szczecin;Szwecja
Emily;Zieliński;75319470738;ul. Traugutta;32;Gdynia;Włochy
Emily;Kamiński;39932269786;ul. Narutowicza;10;Olsztyn;Norwegia
Benjamin;Wójcik;81351749290;ul. Sobieskiego;8;Łódź;Stany Zjednoczone
Alex;Dąbrowski;41261671282;ul. Traugutta;26;Toruń;Włochy
Olivia;Piotrowski;24267500774;ul. Mickiewicza;6;Warszawa;Polska
Alex;Szymański;44568377295;Plac Wolności;46;Bydgoszcz;Kanada
Liam;Grabowski;22720664149;Skwer Nadbrzeżny;25;Częstochowa;Rosja
Sophia;Wiśniewski;56635892748;ul. Sobieskiego;40;Wrocław;Turcja
William;Piotrowski;56870864526;Skwer Słoneczny;17;Wrocław;Argentyna
Mia;Nowakowski;78852365721;Aleja Solidarności;28;Katowice;Hiszpania
James;Kowalczyk;59933306825;ul. Jagiełły;15;Radom;Australia
Mia;Kozłowski;77260854709;Skwer Nadbrzeżny;38;Sosnowiec;Niemcy
Lucas;Kamiński;98139669455;ul. Traugutta;3;Warszawa;Hiszpania
Sophia;Wieczorek;77912105762;ul. Piłsudskiego;41;Sosnowiec;Włochy
Oliver;Woźniak;20615357132;ul. Narutowicza;46;Katowice;Stany Zjednoczone
Benjamin;Jankowski;94398539074;Skwer Nadbrzeżny;15;Opole;Francja
Charlotte;Kowalski;53120632417;Aleja Niepodległości;5;Katowice;Chiny
Emily;Grabowski;45424791822;ul. Traugutta;11;Częstochowa;Włochy
Olivia;Lewandowski;03628737384;Plac Rynkowy;37;Częstochowa;Brazylia
Olivia;Wójcik;37684163466;ul. Sobieskiego;38;Warszawa;Kanada
Harper;Nowak;17038999219;Aleja Niepodległości;43;Toruń;Niemcy
Isabella;Kozłowski;21746220479;Aleja Solidarności;44;Rzeszów;Norwegia
James;Nowak;98212903789;ul. Grunwaldzka;18;Kielce;Stany Zjednoczone
Benjamin;Kamiński;59157722498;ul. Piłsudskiego;29;Lublin;Stany Zjednoczone
Alex;Wieczorek;77906492827;ul. Mickiewicza;41;Rzeszów;Francja
Emma;Wójcik;25004310891;Plac Rynkowy;20;Bydgoszcz;Norwegia
Harper;Nowak;26119933016;ul. Sobieskiego;3;Rzeszów;Hiszpania
Olivia;Kowalczyk;73557974764;Plac Zbawiciela;0;Toruń;Włochy
Noah;Grabowski;49038143137;Aleja Kwiatowa;27;Kielce;Szwecja
Noah;Lewandowski;31260323752;ul. Piłsudskiego;44;Gdańsk;Stany Zjednoczone
Olivia;Kwiatkowski;56631580473;Plac Wolności;19;Katowice;Włochy
James;Krawczyk;80020223045;Aleja Kwiatowa;49;Toruń;Wielka Brytania
James;Lewandowski;02516237495;ul. Lecha;12;Lublin;Francja
Lucas;Wiśniewski;57961264098;ul. Traugutta;14;Białystok;Turcja
Olivia;Kowalski;20832925683;Skwer Słoneczny;42;Gdynia;Chiny
James;Kamiński;37445992972;Aleja Solidarności;3;Toruń;Chiny
Ava;Jankowski;90217690475;Aleja Przyjaźni;27;Kraków;Polska
Jessica;Dąbrowski;47207916932;ul. Mickiewicza;26;Radom;Norwegia
Michael;Wieczorek;66610533832;ul. Piłsudskiego;18;Katowice;Australia
Lucas;Jankowski;13244266068;Aleja Kwiatowa;46;Toruń;Chiny
Lucas;Kwiatkowski;97023216442;ul. Piłsudskiego;1;Lublin;Brazylia
Emily;Szymański;04191606508;ul. Słowackiego;22;Poznań;Wielka Brytania
Liam;Kozłowski;47149497953;Skwer Słoneczny;28;Bydgoszcz;Meksyk
Olivia;Kwiatkowski;15551930211;Plac Wolności;9;Łódź;Norwegia
Mia;Lewandowski;38418323281;ul. Mickiewicza;3;Poznań;Stany Zjednoczone
Sophia;Zieliński;42160152299;Skwer Słoneczny;44;Gdańsk;Stany Zjednoczone
Michael;Kowalski;54790737374;Plac Zbawiciela;36;Katowice;Francja
Olivia;Mazur;69389760820;Plac Wolności;47;Olsztyn;Indie
James;Nowakowski;84015149580;Skwer Słoneczny;30;Lublin;Hiszpania
James;Kowalski;36739299402;ul. Narutowicza;18;Toruń;Szwecja
Emily;Zieliński;62352054200;ul. Grunwaldzka;44;Opole;Indie
Emily;Krawczyk;98639919946;Aleja Solidarności;31;Sosnowiec;Chiny
Harper;Wiśniewski;27031569395;Skwer Kwiatowy;25;Kielce;Chiny
Charlotte;Mazur;14896860199;Aleja Solidarności;44;Katowice;Chiny
Benjamin;Wójcik;51083171415;ul. Kościuszki;4;Toruń;Indie
Liam;Zieliński;39172411915;Plac Zbawiciela;5;Gdynia;Włochy
Ethan;Piotrowski;69438943228;Aleja Kwiatowa;40;Sosnowiec;Meksyk
Sophia;Wiśniewski;77560995359;Skwer Słoneczny;5;Białystok;Kanada
Alex;Wójcik;87105776690;Aleja Solidarności;43;Warszawa;Niemcy
Ethan;Piotrowski;97608784381;ul. Słowackiego;35;Rzeszów;Brazylia
Harper;Lewandowski;23102649180;Skwer Słoneczny;9;Katowice;Brazylia
Harper;Woźniak;91412854964;Skwer Kwiatowy;14;Kraków;Argentyna
Oliver;Jankowski;77891850881;Plac Zbawiciela;45;Gdańsk;Stany Zjednoczone
Mia;Krawczyk;19353990550;Skwer Kwiatowy;35;Bydgoszcz;Kanada
Sophia;Mazur;25737756545;Plac Zbawiciela;38;Białystok;Australia
Lucas;Kwiatkowski;64816792803;Skwer Słoneczny;15;Toruń;Szwecja
Isabella;Kowalski;97381807076;ul. Lecha;40;Częstochowa;Polska
Michael;Mazur;23496205635;ul. Sobieskiego;45;Wrocław;Hiszpania
Benjamin;Zieliński;35496367413;Skwer Słoneczny;25;Katowice;Niemcy
James;Dąbrowski;24241367700;ul. Jagiełły;11;Wrocław;Niemcy
James;Jankowski;80206637050;ul. Traugutta;12;Poznań;Australia
Michael;Dąbrowski;77200563507;ul. Sobieskiego;24;Wrocław;Meksyk
Alex;Mazur;33060235286;ul. Traugutta;22;Sosnowiec;Brazylia
Ava;Wieczorek;85162755504;Aleja Solidarności;47;Gdańsk;Rosja
Liam;Wójcik;87922140818;Aleja Niepodległości;44;Toruń;Norwegia
Jessica;Zieliński;27587855815;Skwer Słoneczny;35;Kraków;Rosja
Ethan;Nowak;47412761776;Aleja Kwiatowa;27;Olsztyn;Japonia
Liam;Wójcik;58460600417;Aleja Przyjaźni;42;Gdańsk;Włochy
Michael;Kozłowski;08063909736;Aleja Solidarności;37;Łódź;Kanada
Alex;Grabowski;61268560971;Plac Rynkowy;38;Kraków;Włochy
Oliver;Wiśniewski;18883608866;Plac Rynkowy;3;Rzeszów;Argentyna
Liam;Dąbrowski;70485459605;Aleja Solidarności;8;Rzeszów;Francja
Sophia;Wiśniewski;87324788199;ul. Mickiewicza;39;Olsztyn;Francja
Oliver;Kowalski;29319089783;Plac Rynkowy;11;Toruń;Norwegia
Alex;Nowakowski;16548481816;Plac Zbawiciela;7;Białystok;Niemcy
Ethan;Mazur;27714530107;Plac Rynkowy;46;Radom;Włochy
Michael;Szymański;10290711212;ul. Piłsudskiego;22;Olsztyn;Hiszpania
Ava;Kwiatkowski;24590622534;Plac Zbawiciela;10;Radom;Hiszpania
Mia;Grabowski;03662959829;ul. Mickiewicza;19;Białystok;Hiszpania
Emily;Wójcik;44761079110;ul. Grunwaldzka;22;Szczecin;Francja
James;Szymański;05892717068;ul. Słowackiego;12;Toruń;Turcja
Olivia;Wiśniewski;15573912345;Aleja Przyjaźni;13;Białystok;Kanada
Noah;Kamiński;75351175499;ul. Słowackiego;48;Warszawa;Japonia
Olivia;Piotrowski;71033389457;ul. Słowackiego;35;Kraków;Indie
Charlotte;Woźniak;91355463732;ul. Słowackiego;15;Toruń;Francja
Michael;Wiśniewski;36637579039;ul. Grunwaldzka;25;Bydgoszcz;Polska
Mia;Lewandowski;14021114269;Aleja Kwiatowa;9;Olsztyn;Chiny
Oliver;Nowakowski;50515922659;ul. Narutowicza;8;Warszawa;Polska
William;Mazur;91028572720;ul. Kościuszki;20;Sosnowiec;Kanada
Olivia;Krawczyk;29551136566;Skwer Kwiatowy;48;Gdańsk;Francja
Mia;Jankowski;77168557172;Aleja Solidarności;38;Warszawa;Kanada
Liam;Grabowski;75529615117;ul. Traugutta;23;Gdańsk;Australia
Mia;Nowak;82328011099;ul. Narutowicza;41;Rzeszów;Japonia
Oliver;Kamiński;02664123221;ul. Narutowicza;21;Sosnowiec;Norwegia
Mia;Szymański;61320481859;Plac Wolności;9;Opole;Wielka Brytania
Mia;Szymański;41134659501;Skwer Kwiatowy;23;Radom;Meksyk
Michael;Piotrowski;80133658357;Skwer Słoneczny;0;Gdańsk;Włochy
Emma;Zieliński;15393766700;Plac Rynkowy;42;Lublin;Kanada
Emma;Krawczyk;47484136383;Aleja Przyjaźni;34;Opole;Włochy
Benjamin;Piotrowski;37619274969;Aleja Niepodległości;46;Lublin;Turcja
Alex;Kowalski;62947060583;ul. Jagiełły;9;Sosnowiec;Norwegia
Oliver;Lewandowski;72562824829;ul. Kościuszki;28;Częstochowa;Stany Zjednoczone
Isabella;Woźniak;14051075148;ul. Piłsudskiego;44;Częstochowa;Kanada
Benjamin;Nowak;20348409904;Skwer Kwiatowy;0;Opole;Brazylia
Lucas;Wiśniewski;70485154789;ul. Piłsudskiego;5;Bydgoszcz;Meksyk
Olivia;Nowak;62990897602;ul. Traugutta;12;Rzeszów;Chiny
Oliver;Szymański;79768845934;Aleja Niepodległości;2;Toruń;Argentyna
Oliver;Kozłowski;99528763061;Plac Zbawiciela;11;Toruń;Rosja
Ethan;Nowak;94880818985;ul. Sobieskiego;14;Częstochowa;Kanada
Mia;Grabowski;03603804628;ul. Grunwaldzka;45;Gdańsk;Francja
Emily;Wiśniewski;27721550616;Skwer Słoneczny;7;Kielce;Włochy
Ava;Grabowski;08238272891;ul. Traugutta;49;Wrocław;Kanada
Sophia;Krawczyk;26384809145;Skwer Kwiatowy;12;Lublin;Południowa Afryka
Charlotte;Wiśniewski;18335590971;Aleja Przyjaźni;12;Warszawa;Brazylia
Benjamin;Szymański;90716430547;ul. Słowackiego;21;Kraków;Niemcy
Mia;Szymański;12358759713;Plac Wolności;49;Bydgoszcz;Meksyk
Sophia;Zieliński;01672925719;ul. Mickiewicza;22;Poznań;Niemcy
Oliver;Wójcik;16431089280;Skwer Nadbrzeżny;17;Łódź;Kanada
Michael;Nowak;89742343623;ul. Jagiełły;48;Kraków;Rosja
Sophia;Kozłowski;72682372831;ul. Sobieskiego;40;Katowice;Japonia
Alex;Woźniak;30038249273;ul. Narutowicza;19;Opole;Szwecja
Olivia;Kowalczyk;16893062078;Skwer Słoneczny;44;Kielce;Chiny
Emma;Nowak;94465440249;ul. Kościuszki;3;Warszawa;Południowa Afryka
Emily;Wiśniewski;96010612841;Skwer Słoneczny;37;Częstochowa;Turcja
Sophia;Nowak;09864520515;ul. Sobieskiego;11;Gdynia;Wielka Brytania
Noah;Dąbrowski;75493915117;ul. Sobieskiego;15;Rzeszów;Brazylia
Alex;Lewandowski;40750132220;ul. Narutowicza;6;Bydgoszcz;Francja
James;Woźniak;01339865026;ul. Słowackiego;32;Kielce;Niemcy
Alex;Woźniak;59531894448;ul. Traugutta;13;Radom;Kanada
Lucas;Kowalczyk;79971534212;Plac Wolności;14;Sosnowiec;Meksyk
Michael;Nowak;00138323968;Aleja Solidarności;45;Gdańsk;Meksyk
Charlotte;Mazur;89244519773;Skwer Nadbrzeżny;41;Radom;Południowa Afryka
Jessica;Wójcik;19547850204;Aleja Niepodległości;23;Szczecin;Argentyna
Ethan;Nowak;46345661623;ul. Sobieskiego;6;Sosnowiec;Kanada
Liam;Woźniak;18899322346;Skwer Słoneczny;19;Wrocław;Rosja
Emily;Mazur;81315563664;ul. Piłsudskiego;0;Katowice;Stany Zjednoczone
Emily;Kowalski;93516139700;ul. Piłsudskiego;2;Łódź;Norwegia
James;Kowalczyk;02288745987;Plac Wolności;28;Olsztyn;Rosja
Michael;Mazur;30203900656;Aleja Solidarności;29;Kraków;Brazylia
Isabella;Mazur;16432190502;Plac Wolności;39;Sosnowiec;Włochy
Olivia;Woźniak;82925849502;Plac Wolności;40;Rzeszów;Francja
Benjamin;Piotrowski;90957691398;ul. Słowackiego;30;Lublin;Turcja
Mia;Nowak;19172454291;Plac Zbawiciela;46;Olsztyn;Rosja
Emma;Grabowski;73908249658;ul. Kościuszki;35;Warszawa;Brazylia
Lucas;Nowak;15488921245;Plac Zbawiciela;40;Łódź;Wielka Brytania
Michael;Wójcik;17973417968;Plac Zbawiciela;42;Bydgoszcz;Argentyna
Noah;Kowalczyk;33798483758;ul. Piłsudskiego;13;Opole;Indie
Emma;Lewandowski;76057775641;ul. Kościuszki;10;Szczecin;Australia
Noah;Wójcik;54396910654;Aleja Przyjaźni;19;Rzeszów;Japonia
Emma;Jankowski;28215067365;ul. Jagiełły;38;Opole;Brazylia
William;Grabowski;25157364542;Plac Wolności;43;Kielce;Stany Zjednoczone
Liam;Kowalski;20311544370;ul. Traugutta;2;Gdańsk;Rosja
Sophia;Wieczorek;77335732903;ul. Jagiełły;40;Poznań;Australia
James;Mazur;48752343975;Aleja Niepodległości;3;Olsztyn;Japonia
Lucas;Wójcik;71826489059;ul. Jagiełły;20;Toruń;Chiny
Benjamin;Kowalski;64107377790;ul. Jagiełły;26;Toruń;Meksyk
James;Piotrowski;13224518854;Aleja Kwiatowa;33;Szczecin;Południowa Afryka
Emily;Mazur;17089772721;Skwer Nadbrzeżny;30;Kielce;Turcja
Mia;Zieliński;83919271094;ul. Traugutta;6;Poznań;Rosja
Jessica;Nowakowski;53793762087;ul. Słowackiego;20;Lublin;Japonia
William;Kozłowski;51845791442;Skwer Kwiatowy;30;Gdynia;Polska
Charlotte;Kwiatkowski;62825721452;Plac Rynkowy;49;Poznań;Południowa Afryka
Benjamin;Woźniak;32461698289;Skwer Kwiatowy;15;Gdynia;Brazylia
Olivia;Jankowski;09990120927;Aleja Kwiatowa;31;Kraków;Niemcy
Liam;Krawczyk;66471399825;ul. Kościuszki;13;Gdynia;Chiny
Emily;Lewandowski;35145701882;ul. Grunwaldzka;25;Łódź;Francja
Oliver;Lewandowski;64271316343;ul. Grunwaldzka;48;Radom;Południowa Afryka
Ethan;Kowalczyk;07595367502;ul. Mickiewicza;26;Lublin;Szwecja
Michael;Jankowski;61481722601;Skwer Kwiatowy;28;Kielce;Chiny
Isabella;Dąbrowski;30666897395;ul. Kościuszki;22;Gdańsk;Hiszpania
Oliver;Woźniak;07844267077;Aleja Kwiatowa;8;Katowice;Japonia
Liam;Kowalczyk;09119060091;ul. Słowackiego;35;Katowice;Włochy
William;Dąbrowski;99179326849;ul. Jagiełły;27;Kielce;Turcja
Michael;Piotrowski;26761641778;ul. Mickiewicza;32;Lublin;Japonia
Michael;Dąbrowski;65238706001;Aleja Przyjaźni;6;Toruń;Kanada
Alex;Zieliński;49279975572;Plac Wolności;16;Poznań;Francja
Emily;Krawczyk;98440256871;Skwer Słoneczny;41;Łódź;Australia
Benjamin;Krawczyk;35889193953;Skwer Nadbrzeżny;4;Szczecin;Kanada
Sophia;Mazur;77299425081;ul. Piłsudskiego;25;Lublin;Rosja
Liam;Jankowski;82488421874;Plac Zbawiciela;47;Opole;Kanada
Emma;Kwiatkowski;59710839466;Aleja Niepodległości;44;Opole;Włochy
Benjamin;Kamiński;70793533277;Skwer Słoneczny;43;Katowice;Turcja
Benjamin;Wiśniewski;64727182932;Plac Rynkowy;12;Szczecin;Niemcy
Ethan;Zieliński;31096710276;Skwer Nadbrzeżny;34;Lublin;Australia
Oliver;Kwiatkowski;16227974687;Skwer Kwiatowy;42;Gdynia;Hiszpania
Noah;Jankowski;62189120477;ul. Mickiewicza;7;Olsztyn;Południowa Afryka
Jessica;Wójcik;38354185210;ul. Sobieskiego;2;Białystok;Brazylia
William;Woźniak;72878017101;Aleja Solidarności;37;Łódź;Południowa Afryka
Alex;Wiśniewski;76306535757;Plac Zbawiciela;48;Sosnowiec;Francja
Michael;Nowak;59979440663;ul. Grunwaldzka;14;Rzeszów;Brazylia
Lucas;Woźniak;69071035196;Plac Rynkowy;44;Warszawa;Kanada
Alex;Kwiatkowski;39121244307;ul. Mickiewicza;5;Częstochowa;Niemcy
Olivia;Zieliński;76807719542;Skwer Nadbrzeżny;5;Olsztyn;Norwegia
Emma;Lewandowski;41411906772;ul. Lecha;38;Katowice;Indie
Charlotte;Wiśniewski;44598660777;Aleja Kwiatowa;4;Wrocław;Hiszpania
Michael;Kozłowski;41085624171;Plac Wolności;35;Wrocław;Niemcy
Ethan;Kowalski;52777496114;ul. Słowackiego;27;Częstochowa;Hiszpania
James;Piotrowski;01387373677;ul. Sobieskiego;8;Rzeszów;Argentyna
Emma;Kowalski;81775186589;ul. Słowackiego;37;Katowice;Hiszpania
Mia;Grabowski;83937812266;ul. Mickiewicza;27;Sosnowiec;Szwecja
Ava;Kowalski;82961695648;Aleja Przyjaźni;29;Częstochowa;Południowa Afryka
Olivia;Woźniak;88957065848;ul. Lecha;27;Szczecin;Kanada
Liam;Woźniak;16871647251;ul. Traugutta;5;Rzeszów;Brazylia
Mia;Jankowski;70011435449;Plac Zbawiciela;12;Białystok;Chiny
Alex;Szymański;68459122379;ul. Narutowicza;34;Poznań;Rosja
Jessica;Grabowski;22820117354;ul. Narutowicza;7;Bydgoszcz;Włochy
Mia;Nowak;43102160584;Skwer Słoneczny;7;Katowice;Włochy
Benjamin;Wójcik;81348701159;ul. Kościuszki;36;Kraków;Turcja
Benjamin;Kowalski;93469454765;ul. Słowackiego;33;Lublin;Argentyna
Noah;Krawczyk;89904523561;Plac Wolności;31;Radom;Włochy
Emily;Kozłowski;08429926355;ul. Jagiełły;6;Rzeszów;Południowa Afryka
Isabella;Wiśniewski;47462886156;ul. Piłsudskiego;14;Lublin;Hiszpania
Ethan;Krawczyk;79930174506;ul. Kościuszki;22;Lublin;Argentyna
Charlotte;Lewandowski;79881130659;Aleja Niepodległości;40;Katowice;Południowa Afryka
Benjamin;Krawczyk;56210126371;Skwer Słoneczny;39;Kielce;Norwegia
Harper;Wójcik;34380886187;ul. Sobieskiego;47;Szczecin;Kanada
Alex;Zieliński;95367977026;ul. Lecha;14;Lublin;Australia
Ethan;Dąbrowski;50761124914;Plac Zbawiciela;26;Warszawa;Rosja
Emma;Jankowski;18594752913;ul. Piłsudskiego;32;Katowice;Szwecja
Oliver;Wiśniewski;36975267365;Aleja Solidarności;6;Wrocław;Kanada
Sophia;Kwiatkowski;85194356594;ul. Sobieskiego;34;Toruń;Kanada
Ava;Wiśniewski;91980265447;ul. Kościuszki;22;Gdańsk;Południowa Afryka
Alex;Kowalczyk;39846882773;ul. Słowackiego;31;Olsztyn;Meksyk
Olivia;Lewandowski;03608803418;ul. Słowackiego;6;Lublin;Szwecja
Noah;Zieliński;27037806356;Aleja Kwiatowa;22;Gdańsk;Hiszpania
Olivia;Kowalski;28787909359;Plac Zbawiciela;2;Warszawa;Polska
Alex;Kowalczyk;46276985756;ul. Grunwaldzka;30;Kielce;Chiny
Jessica;Szymański;07648325717;Plac Rynkowy;39;Toruń;Stany Zjednoczone
Ethan;Szymański;47463870031;Aleja Solidarności;49;Kraków;Turcja
Olivia;Nowakowski;10794638259;Aleja Kwiatowa;41;Częstochowa;Południowa Afryka
Sophia;Kwiatkowski;70584123098;Plac Rynkowy;36;Rzeszów;Południowa Afryka
Emily;Kwiatkowski;88527801512;ul. Traugutta;0;Łódź;Argentyna
Oliver;Kowalczyk;78204449688;ul. Narutowicza;19;Lublin;Szwecja
Mia;Wójcik;89885993300;ul. Mickiewicza;39;Częstochowa;Hiszpania
Benjamin;Dąbrowski;66424486317;Skwer Słoneczny;13;Sosnowiec;Indie
Isabella;Krawczyk;47563897860;ul. Mickiewicza;5;Sosnowiec;Francja
Harper;Krawczyk;01314221848;ul. Narutowicza;22;Szczecin;Meksyk
Isabella;Woźniak;57747730565;ul. Jagiełły;41;Łódź;Polska
Olivia;Dąbrowski;82527614739;Plac Wolności;33;Rzeszów;Kanada
Isabella;Grabowski;80671673263;Aleja Przyjaźni;25;Gdańsk;Francja
William;Jankowski;94941890610;ul. Kościuszki;12;Sosnowiec;Włochy
Harper;Nowak;31169125310;Aleja Kwiatowa;22;Opole;Chiny
Benjamin;Kowalczyk;46374744162;ul. Traugutta;3;Warszawa;Włochy
Mia;Wieczorek;24399157970;ul. Słowackiego;7;Gdynia;Brazylia
Alex;Mazur;62466773019;ul. Słowackiego;22;Gdańsk;Brazylia
James;Kowalski;48916573668;Plac Rynkowy;11;Warszawa;Stany Zjednoczone
Harper;Nowakowski;78350518959;ul. Grunwaldzka;15;Olsztyn;Polska
Ava;Kowalski;97040406709;Aleja Niepodległości;25;Kielce;Niemcy
William;Kozłowski;91224927179;Aleja Przyjaźni;18;Sosnowiec;Chiny
James;Kowalczyk;02127252256;Plac Rynkowy;23;Kraków;Japonia
William;Nowak;22483199119;ul. Sobieskiego;47;Sosnowiec;Włochy
William;Piotrowski;39366862290;Skwer Kwiatowy;1;Warszawa;Rosja
Benjamin;Nowakowski;13034526179;Plac Wolności;5;Bydgoszcz;Niemcy
Emma;Wiśniewski;99460394802;ul. Grunwaldzka;44;Szczecin;Południowa Afryka
Lucas;Wójcik;59281102276;Plac Zbawiciela;22;Katowice;Japonia
Ava;Wójcik;11886566091;Aleja Niepodległości;5;Kraków;Indie
Lucas;Grabowski;43746927758;ul. Słowackiego;48;Toruń;Meksyk
Ava;Krawczyk;32959796850;ul. Piłsudskiego;21;Olsztyn;Meksyk
William;Nowak;60388117387;ul. Narutowicza;18;Szczecin;Norwegia
William;Kozłowski;01292455624;Plac Wolności;3;Białystok;Indie
Emily;Szymański;09584133400;Plac Rynkowy;42;Gdańsk;Australia
Liam;Zieliński;61087388059;Aleja Niepodległości;43;Lublin;Polska
Mia;Kozłowski;11443256166;Skwer Słoneczny;4;Kraków;Argentyna
Mia;Mazur;39405874434;ul. Piłsudskiego;40;Gdynia;Indie
Harper;Wiśniewski;96452298358;ul. Kościuszki;16;Warszawa;Rosja
Noah;Wieczorek;56297081670;ul. Sobieskiego;43;Katowice;Meksyk
Olivia;Kwiatkowski;54186566680;ul. Mickiewicza;16;Warszawa;Norwegia
William;Piotrowski;85642762522;Plac Wolności;15;Wrocław;Hiszpania
Sophia;Wójcik;28755354838;Plac Rynkowy;1;Radom;Hiszpania
Emma;Lewandowski;73433356096;Aleja Kwiatowa;3;Gdańsk;Południowa Afryka
James;Kwiatkowski;20180728613;Plac Zbawiciela;41;Toruń;Szwecja
Oliver;Kowalczyk;87372357550;Skwer Nadbrzeżny;46;Rzeszów;Turcja
Emily;Kozłowski;21639945582;ul. Kościuszki;47;Szczecin;Włochy
James;Woźniak;98444514163;Aleja Solidarności;32;Rzeszów;Brazylia
Isabella;Kozłowski;34961076858;Plac Wolności;25;Gdańsk;Kanada
Emma;Kamiński;22015014648;Aleja Kwiatowa;19;Katowice;Francja
Olivia;Woźniak;60327943009;ul. Słowackiego;27;Kraków;Hiszpania
Benjamin;Krawczyk;42433322397;ul. Jagiełły;17;Szczecin;Australia
Charlotte;Zieliński;94456265448;ul. Słowackiego;34;Bydgoszcz;Norwegia
Harper;Nowak;96508284363;Aleja Przyjaźni;3;Poznań;Polska
Noah;Nowak;00882651044;Plac Wolności;25;Wrocław;Rosja
Benjamin;Kozłowski;55168307306;Plac Wolności;37;Wrocław;Hiszpania
Emily;Mazur;43368351833;Skwer Nadbrzeżny;20;Sosnowiec;Turcja
Harper;Jankowski;04989999865;Plac Zbawiciela;23;Sosnowiec;Niemcy
Oliver;Krawczyk;34688833716;Aleja Kwiatowa;38;Sosnowiec;Brazylia
Emma;Grabowski;62112901892;ul. Sobieskiego;8;Gdańsk;Meksyk
Lucas;Krawczyk;56922245380;ul. Sobieskiego;30;Warszawa;Francja
Oliver;Mazur;66477062518;ul. Mickiewicza;5;Warszawa;Australia
Emma;Kowalczyk;47427069903;ul. Mickiewicza;11;Warszawa;Brazylia
Michael;Nowakowski;77461513304;Aleja Niepodległości;41;Rzeszów;Meksyk
Emma;Jankowski;50385638151;Aleja Przyjaźni;37;Wrocław;Stany Zjednoczone
Sophia;Kwiatkowski;88144361106;ul. Traugutta;12;Kraków;Południowa Afryka
Mia;Kowalczyk;96891759274;ul. Piłsudskiego;2;Gdynia;Norwegia
Isabella;Szymański;65490861445;ul. Kościuszki;9;Olsztyn;Południowa Afryka
Jessica;Kowalski;73410034534;Skwer Nadbrzeżny;36;Gdańsk;Południowa Afryka
Alex;Wiśniewski;23554945316;Aleja Kwiatowa;21;Olsztyn;Hiszpania
Charlotte;Nowak;22697736910;ul. Kościuszki;33;Katowice;Australia
Michael;Jankowski;09931676786;Plac Zbawiciela;2;Sosnowiec;Stany Zjednoczone
Oliver;Wójcik;60359185812;ul. Grunwaldzka;31;Toruń;Meksyk
James;Kamiński;52895246126;Aleja Niepodległości;21;Toruń;Włochy
Ava;Kwiatkowski;23840202307;ul. Traugutta;3;Poznań;Niemcy
Ava;Lewandowski;11236875313;Aleja Przyjaźni;29;Radom;Indie
Liam;Krawczyk;52515693967;ul. Narutowicza;30;Łódź;Szwecja
Liam;Piotrowski;91507051839;ul. Kościuszki;6;Kraków;Norwegia
Benjamin;Kowalczyk;07627568403;ul. Mickiewicza;19;Białystok;Kanada
Jessica;Kamiński;25959952784;ul. Mickiewicza;8;Poznań;Rosja
Jessica;Grabowski;86457586371;ul. Jagiełły;29;Łódź;Australia
Harper;Nowakowski;76464063181;Plac Zbawiciela;42;Opole;Polska
Olivia;Wiśniewski;57284705641;ul. Grunwaldzka;26;Olsztyn;Hiszpania
Michael;Wiśniewski;47765578884;ul. Kościuszki;42;Opole;Hiszpania
Mia;Kozłowski;73730360103;ul. Sobieskiego;3;Gdańsk;Turcja
Ava;Dąbrowski;43687480314;Aleja Solidarności;37;Opole;Turcja
Noah;Nowak;79542541196;Aleja Niepodległości;10;Opole;Wielka Brytania
Mia;Nowak;82196876768;ul. Piłsudskiego;41;Białystok;Południowa Afryka
James;Kozłowski;97171849103;Aleja Solidarności;36;Gdańsk;Japonia
Liam;Piotrowski;88936450879;ul. Słowackiego;46;Toruń;Norwegia
Ethan;Kamiński;11171415003;ul. Kościuszki;0;Rzeszów;Indie
Oliver;Nowakowski;15601293744;Skwer Słoneczny;22;Łódź;Południowa Afryka
William;Piotrowski;69984952710;Plac Rynkowy;48;Rzeszów;Chiny
Mia;Kwiatkowski;12164518513;Aleja Przyjaźni;43;Warszawa;Brazylia
James;Dąbrowski;81277960799;Aleja Przyjaźni;14;Toruń;Brazylia
Benjamin;Kowalski;76140641832;ul. Grunwaldzka;38;Gdańsk;Kanada
Benjamin;Wieczorek;13683257855;Skwer Słoneczny;42;Łódź;Meksyk
Oliver;Grabowski;87804919795;ul. Grunwaldzka;13;Bydgoszcz;Stany Zjednoczone
Benjamin;Kwiatkowski;60153731350;Plac Wolności;44;Gdynia;Francja
Isabella;Kozłowski;79416042667;ul. Narutowicza;13;Kielce;Hiszpania
Alex;Grabowski;22127390587;Plac Zbawiciela;17;Gdańsk;Kanada
Noah;Woźniak;89111873051;ul. Lecha;46;Olsztyn;Stany Zjednoczone
Benjamin;Piotrowski;78354873967;ul. Słowackiego;47;Białystok;Francja
Noah;Jankowski;45448331371;ul. Narutowicza;47;Gdańsk;Szwecja
Harper;Nowak;66690864654;Aleja Przyjaźni;10;Bydgoszcz;Japonia
Harper;Kamiński;91775880098;Aleja Kwiatowa;0;Kraków;Australia
Alex;Nowak;22360892272;ul. Mickiewicza;13;Bydgoszcz;Niemcy
Emily;Grabowski;89482520202;Aleja Kwiatowa;14;Bydgoszcz;Włochy
Oliver;Wójcik;72115926547;Aleja Niepodległości;24;Sosnowiec;Niemcy
Noah;Zieliński;52836371245;Plac Zbawiciela;13;Kraków;Kanada
Olivia;Kamiński;03106962244;Aleja Kwiatowa;11;Białystok;Turcja
Lucas;Lewandowski;94043690363;ul. Mickiewicza;20;Gdańsk;Południowa Afryka
James;Kowalski;57653880571;ul. Traugutta;24;Białystok;Stany Zjednoczone
Sophia;Lewandowski;06299118386;Plac Rynkowy;10;Bydgoszcz;Niemcy
Liam;Jankowski;76099374185;ul. Mickiewicza;23;Białystok;Brazylia
Charlotte;Kamiński;76682457503;Skwer Słoneczny;13;Gdynia;Polska
Noah;Wieczorek;64032781013;ul. Słowackiego;13;Olsztyn;Chiny
Jessica;Kamiński;42281054149;Aleja Solidarności;9;Lublin;Niemcy
Noah;Kowalczyk;09812186874;Aleja Przyjaźni;6;Sosnowiec;Turcja
Liam;Kwiatkowski;40707510343;Plac Wolności;47;Gdynia;Stany Zjednoczone
Isabella;Kwiatkowski;21213747300;Plac Rynkowy;11;Opole;Francja
Liam;Kowalczyk;98678976007;ul. Słowackiego;28;Opole;Norwegia
James;Nowak;36211577258;Skwer Słoneczny;13;Wrocław;Chiny
William;Grabowski;35616983060;ul. Jagiełły;26;Toruń;Stany Zjednoczone
James;Szymański;53924299630;Skwer Nadbrzeżny;7;Rzeszów;Szwecja
Oliver;Mazur;03043230712;Aleja Przyjaźni;31;Toruń;Australia
Oliver;Piotrowski;17303719419;Plac Wolności;45;Częstochowa;Meksyk
Emma;Kwiatkowski;57860662806;Aleja Niepodległości;35;Gdynia;Włochy
Emily;Kowalczyk;29076586094;Aleja Przyjaźni;9;Olsztyn;Hiszpania
Noah;Krawczyk;45765101527;ul. Słowackiego;7;Katowice;Niemcy
Mia;Kamiński;41924198017;ul. Słowackiego;36;Warszawa;Południowa Afryka
Oliver;Nowak;15387317813;Plac Wolności;40;Lublin;Chiny
Mia;Mazur;86629012138;Aleja Przyjaźni;33;Toruń;Szwecja
Emily;Kowalski;46122843726;Skwer Kwiatowy;26;Białystok;Włochy
Isabella;Mazur;89728590710;ul. Mickiewicza;43;Sosnowiec;Kanada
Emma;Szymański;81112598648;Plac Wolności;27;Katowice;Argentyna
Harper;Zieliński;82965446629;Aleja Niepodległości;21;Gdynia;Japonia
Liam;Kowalczyk;86537508851;ul. Kościuszki;24;Rzeszów;Francja
Lucas;Kozłowski;38176509951;Plac Rynkowy;31;Lublin;Włochy
Emma;Krawczyk;56975645515;ul. Kościuszki;28;Lublin;Hiszpania
Sophia;Wieczorek;70203314846;ul. Grunwaldzka;5;Katowice;Francja
William;Nowak;00586508766;ul. Sobieskiego;0;Gdynia;Turcja
